{
    "loss": 27.906944274902344,
    "accuracy": 0.48201438784599304
}